Erm_kPa,nu,sig_0_kPa,phi_rad,eta,d_r_R_permille
1000000.0,0.1,2500.0,0.17453292519943295,0,2.750000000000004
1000000.0,0.1,2500.0,0.17453292519943295,1,6.789253062099605
1000000.0,0.1,2500.0,0.17453292519943295,2,13.942460237427452
1000000.0,0.1,2500.0,0.17453292519943295,3,23.337404059413128
1000000.0,0.1,2500.0,0.17453292519943295,4,34.85951056727231
1000000.0,0.1,2500.0,0.17453292519943295,5,48.458134792032276
1000000.0,0.1,2500.0,0.3490658503988659,0,2.7500000000000013
1000000.0,0.1,2500.0,0.3490658503988659,1,7.760007088700899
1000000.0,0.1,2500.0,0.3490658503988659,2,17.087041411823037
1000000.0,0.1,2500.0,0.3490658503988659,3,29.883627413713807
1000000.0,0.1,2500.0,0.3490658503988659,4,46.086943645293324
1000000.0,0.1,2500.0,0.3490658503988659,5,65.68220377696659
1000000.0,0.1,2500.0,0.5235987755982988,0,2.7500000000000004
1000000.0,0.1,2500.0,0.5235987755982988,1,9.114285714285716
1000000.0,0.1,2500.0,0.5235987755982988,2,21.38529411764705
1000000.0,0.1,2500.0,0.5235987755982988,3,38.677419354838705
1000000.0,0.1,2500.0,0.5235987755982988,4,60.93775510204083
1000000.0,0.1,2500.0,0.5235987755982988,5,88.15492957746484
1000000.0,0.1,2500.0,0.6981317007977318,0,2.7500000000000004
1000000.0,0.1,2500.0,0.6981317007977318,1,10.913806782009557
1000000.0,0.1,2500.0,0.6981317007977318,2,26.633753587404367
1000000.0,0.1,2500.0,0.6981317007977318,3,48.83294892031736
1000000.0,0.1,2500.0,0.6981317007977318,4,77.43175930587012
1000000.0,0.1,2500.0,0.6981317007977318,5,112.40956340227928
1000000.0,0.1,2500.0,0.8726646259971648,0,2.75
1000000.0,0.1,2500.0,0.8726646259971648,1,13.00568180712495
1000000.0,0.1,2500.0,0.8726646259971648,2,31.933275362594674
1000000.0,0.1,2500.0,0.8726646259971648,3,58.47233966997922
1000000.0,0.1,2500.0,0.8726646259971648,4,92.59858683552818
1000000.0,0.1,2500.0,0.8726646259971648,5,134.30937589915985
5000000.0,0.1,2500.0,0.17453292519943295,0,0.5500000000000008
5000000.0,0.1,2500.0,0.17453292519943295,1,1.357850612419921
5000000.0,0.1,2500.0,0.17453292519943295,2,2.788492047485491
5000000.0,0.1,2500.0,0.17453292519943295,3,4.667480811882626
5000000.0,0.1,2500.0,0.17453292519943295,4,6.971902113454461
5000000.0,0.1,2500.0,0.17453292519943295,5,9.691626958406456
5000000.0,0.1,2500.0,0.3490658503988659,0,0.5500000000000003
5000000.0,0.1,2500.0,0.3490658503988659,1,1.5520014177401795
5000000.0,0.1,2500.0,0.3490658503988659,2,3.4174082823646077
5000000.0,0.1,2500.0,0.3490658503988659,3,5.976725482742761
5000000.0,0.1,2500.0,0.3490658503988659,4,9.217388729058664
5000000.0,0.1,2500.0,0.3490658503988659,5,13.136440755393318
5000000.0,0.1,2500.0,0.5235987755982988,0,0.55
5000000.0,0.1,2500.0,0.5235987755982988,1,1.8228571428571432
5000000.0,0.1,2500.0,0.5235987755982988,2,4.277058823529411
5000000.0,0.1,2500.0,0.5235987755982988,3,7.735483870967741
5000000.0,0.1,2500.0,0.5235987755982988,4,12.187551020408165
5000000.0,0.1,2500.0,0.5235987755982988,5,17.630985915492968
5000000.0,0.1,2500.0,0.6981317007977318,0,0.55
5000000.0,0.1,2500.0,0.6981317007977318,1,2.1827613564019117
5000000.0,0.1,2500.0,0.6981317007977318,2,5.3267507174808735
5000000.0,0.1,2500.0,0.6981317007977318,3,9.766589784063473
5000000.0,0.1,2500.0,0.6981317007977318,4,15.486351861174024
5000000.0,0.1,2500.0,0.6981317007977318,5,22.481912680455856
5000000.0,0.1,2500.0,0.8726646259971648,0,0.5499999999999999
5000000.0,0.1,2500.0,0.8726646259971648,1,2.6011363614249894
5000000.0,0.1,2500.0,0.8726646259971648,2,6.386655072518934
5000000.0,0.1,2500.0,0.8726646259971648,3,11.694467933995844
5000000.0,0.1,2500.0,0.8726646259971648,4,18.519717367105635
5000000.0,0.1,2500.0,0.8726646259971648,5,26.86187517983197
10000000.0,0.1,2500.0,0.17453292519943295,0,0.2750000000000004
10000000.0,0.1,2500.0,0.17453292519943295,1,0.6789253062099605
10000000.0,0.1,2500.0,0.17453292519943295,2,1.3942460237427454
10000000.0,0.1,2500.0,0.17453292519943295,3,2.333740405941313
10000000.0,0.1,2500.0,0.17453292519943295,4,3.4859510567272305
10000000.0,0.1,2500.0,0.17453292519943295,5,4.845813479203228
10000000.0,0.1,2500.0,0.3490658503988659,0,0.27500000000000013
10000000.0,0.1,2500.0,0.3490658503988659,1,0.7760007088700898
10000000.0,0.1,2500.0,0.3490658503988659,2,1.7087041411823038
10000000.0,0.1,2500.0,0.3490658503988659,3,2.9883627413713807
10000000.0,0.1,2500.0,0.3490658503988659,4,4.608694364529332
10000000.0,0.1,2500.0,0.3490658503988659,5,6.568220377696659
10000000.0,0.1,2500.0,0.5235987755982988,0,0.275
10000000.0,0.1,2500.0,0.5235987755982988,1,0.9114285714285716
10000000.0,0.1,2500.0,0.5235987755982988,2,2.1385294117647056
10000000.0,0.1,2500.0,0.5235987755982988,3,3.8677419354838705
10000000.0,0.1,2500.0,0.5235987755982988,4,6.0937755102040825
10000000.0,0.1,2500.0,0.5235987755982988,5,8.815492957746484
10000000.0,0.1,2500.0,0.6981317007977318,0,0.275
10000000.0,0.1,2500.0,0.6981317007977318,1,1.0913806782009559
10000000.0,0.1,2500.0,0.6981317007977318,2,2.6633753587404367
10000000.0,0.1,2500.0,0.6981317007977318,3,4.883294892031737
10000000.0,0.1,2500.0,0.6981317007977318,4,7.743175930587012
10000000.0,0.1,2500.0,0.6981317007977318,5,11.240956340227928
10000000.0,0.1,2500.0,0.8726646259971648,0,0.27499999999999997
10000000.0,0.1,2500.0,0.8726646259971648,1,1.3005681807124947
10000000.0,0.1,2500.0,0.8726646259971648,2,3.193327536259467
10000000.0,0.1,2500.0,0.8726646259971648,3,5.847233966997922
10000000.0,0.1,2500.0,0.8726646259971648,4,9.259858683552817
10000000.0,0.1,2500.0,0.8726646259971648,5,13.430937589915985
1000000.0,0.2,2500.0,0.17453292519943295,0,3.0000000000000067
1000000.0,0.2,2500.0,0.17453292519943295,1,6.916851454157195
1000000.0,0.2,2500.0,0.17453292519943295,2,13.853294775687228
1000000.0,0.2,2500.0,0.17453292519943295,3,22.963543330340006
1000000.0,0.2,2500.0,0.17453292519943295,4,34.13649509553677
1000000.0,0.2,2500.0,0.17453292519943295,5,47.32303979833433
1000000.0,0.2,2500.0,0.3490658503988659,0,3.000000000000002
1000000.0,0.2,2500.0,0.3490658503988659,1,7.858188692073599
1000000.0,0.2,2500.0,0.3490658503988659,2,16.90258561146477
1000000.0,0.2,2500.0,0.3490658503988659,3,29.311396279964903
1000000.0,0.2,2500.0,0.3490658503988659,4,45.02370292876928
1000000.0,0.2,2500.0,0.3490658503988659,5,64.02516729887668
1000000.0,0.2,2500.0,0.5235987755982988,0,3.0
1000000.0,0.2,2500.0,0.5235987755982988,1,9.171428571428573
1000000.0,0.2,2500.0,0.5235987755982988,2,21.07058823529411
1000000.0,0.2,2500.0,0.5235987755982988,3,37.83870967741935
1000000.0,0.2,2500.0,0.5235987755982988,4,59.42448979591836
1000000.0,0.2,2500.0,0.5235987755982988,5,85.81690140845075
1000000.0,0.2,2500.0,0.6981317007977318,0,2.9999999999999987
1000000.0,0.2,2500.0,0.6981317007977318,1,10.916418697706238
1000000.0,0.2,2500.0,0.6981317007977318,2,26.160003478695145
1000000.0,0.2,2500.0,0.6981317007977318,3,47.68649592273199
1000000.0,0.2,2500.0,0.6981317007977318,4,75.41867569054071
1000000.0,0.2,2500.0,0.6981317007977318,5,109.33654632948293
1000000.0,0.2,2500.0,0.8726646259971648,0,3.0
1000000.0,0.2,2500.0,0.8726646259971648,1,12.944903570545401
1000000.0,0.2,2500.0,0.8726646259971648,2,31.298933684940295
1000000.0,0.2,2500.0,0.8726646259971648,3,57.0337839224041
1000000.0,0.2,2500.0,0.8726646259971648,4,90.12590238596673
1000000.0,0.2,2500.0,0.8726646259971648,5,130.57272814463985
5000000.0,0.2,2500.0,0.17453292519943295,0,0.6000000000000012
5000000.0,0.2,2500.0,0.17453292519943295,1,1.383370290831439
5000000.0,0.2,2500.0,0.17453292519943295,2,2.7706589551374456
5000000.0,0.2,2500.0,0.17453292519943295,3,4.592708666068
5000000.0,0.2,2500.0,0.17453292519943295,4,6.827299019107357
5000000.0,0.2,2500.0,0.17453292519943295,5,9.464607959666866
5000000.0,0.2,2500.0,0.3490658503988659,0,0.6000000000000004
5000000.0,0.2,2500.0,0.3490658503988659,1,1.5716377384147195
5000000.0,0.2,2500.0,0.3490658503988659,2,3.380517122292953
5000000.0,0.2,2500.0,0.3490658503988659,3,5.862279255992981
5000000.0,0.2,2500.0,0.3490658503988659,4,9.004740585753858
5000000.0,0.2,2500.0,0.3490658503988659,5,12.805033459775336
5000000.0,0.2,2500.0,0.5235987755982988,0,0.6
5000000.0,0.2,2500.0,0.5235987755982988,1,1.8342857142857143
5000000.0,0.2,2500.0,0.5235987755982988,2,4.214117647058822
5000000.0,0.2,2500.0,0.5235987755982988,3,7.567741935483871
5000000.0,0.2,2500.0,0.5235987755982988,4,11.884897959183673
5000000.0,0.2,2500.0,0.5235987755982988,5,17.16338028169015
5000000.0,0.2,2500.0,0.6981317007977318,0,0.5999999999999998
5000000.0,0.2,2500.0,0.6981317007977318,1,2.1832837395412477
5000000.0,0.2,2500.0,0.6981317007977318,2,5.232000695739029
5000000.0,0.2,2500.0,0.6981317007977318,3,9.537299184546399
5000000.0,0.2,2500.0,0.6981317007977318,4,15.083735138108143
5000000.0,0.2,2500.0,0.6981317007977318,5,21.86730926589659
5000000.0,0.2,2500.0,0.8726646259971648,0,0.6
5000000.0,0.2,2500.0,0.8726646259971648,1,2.58898071410908
5000000.0,0.2,2500.0,0.8726646259971648,2,6.259786736988058
5000000.0,0.2,2500.0,0.8726646259971648,3,11.40675678448082
5000000.0,0.2,2500.0,0.8726646259971648,4,18.025180477193345
5000000.0,0.2,2500.0,0.8726646259971648,5,26.114545628927964
10000000.0,0.2,2500.0,0.17453292519943295,0,0.3000000000000006
10000000.0,0.2,2500.0,0.17453292519943295,1,0.6916851454157195
10000000.0,0.2,2500.0,0.17453292519943295,2,1.3853294775687228
10000000.0,0.2,2500.0,0.17453292519943295,3,2.296354333034
10000000.0,0.2,2500.0,0.17453292519943295,4,3.4136495095536783
10000000.0,0.2,2500.0,0.17453292519943295,5,4.732303979833433
10000000.0,0.2,2500.0,0.3490658503988659,0,0.3000000000000002
10000000.0,0.2,2500.0,0.3490658503988659,1,0.7858188692073598
10000000.0,0.2,2500.0,0.3490658503988659,2,1.6902585611464764
10000000.0,0.2,2500.0,0.3490658503988659,3,2.9311396279964903
10000000.0,0.2,2500.0,0.3490658503988659,4,4.502370292876929
10000000.0,0.2,2500.0,0.3490658503988659,5,6.402516729887668
10000000.0,0.2,2500.0,0.5235987755982988,0,0.3
10000000.0,0.2,2500.0,0.5235987755982988,1,0.9171428571428571
10000000.0,0.2,2500.0,0.5235987755982988,2,2.107058823529411
10000000.0,0.2,2500.0,0.5235987755982988,3,3.7838709677419353
10000000.0,0.2,2500.0,0.5235987755982988,4,5.942448979591837
10000000.0,0.2,2500.0,0.5235987755982988,5,8.581690140845074
10000000.0,0.2,2500.0,0.6981317007977318,0,0.2999999999999999
10000000.0,0.2,2500.0,0.6981317007977318,1,1.0916418697706238
10000000.0,0.2,2500.0,0.6981317007977318,2,2.6160003478695146
10000000.0,0.2,2500.0,0.6981317007977318,3,4.768649592273199
10000000.0,0.2,2500.0,0.6981317007977318,4,7.541867569054071
10000000.0,0.2,2500.0,0.6981317007977318,5,10.933654632948295
10000000.0,0.2,2500.0,0.8726646259971648,0,0.3
10000000.0,0.2,2500.0,0.8726646259971648,1,1.29449035705454
10000000.0,0.2,2500.0,0.8726646259971648,2,3.129893368494029
10000000.0,0.2,2500.0,0.8726646259971648,3,5.70337839224041
10000000.0,0.2,2500.0,0.8726646259971648,4,9.012590238596673
10000000.0,0.2,2500.0,0.8726646259971648,5,13.057272814463982
1000000.0,0.3,2500.0,0.17453292519943295,0,3.2500000000000027
1000000.0,0.3,2500.0,0.17453292519943295,1,6.962848774253173
1000000.0,0.3,2500.0,0.17453292519943295,2,13.538019006120185
1000000.0,0.3,2500.0,0.17453292519943295,3,22.17377544855146
1000000.0,0.3,2500.0,0.17453292519943295,4,32.76480264264424
1000000.0,0.3,2500.0,0.17453292519943295,5,45.26454814217109
1000000.0,0.3,2500.0,0.3490658503988659,0,3.2499999999999996
1000000.0,0.3,2500.0,0.3490658503988659,1,7.855158031028098
1000000.0,0.3,2500.0,0.3490658503988659,2,16.428492610867643
1000000.0,0.3,2500.0,0.3490658503988659,3,28.19101105705007
1000000.0,0.3,2500.0,0.3490658503988659,4,43.08496840122922
1000000.0,0.3,2500.0,0.3490658503988659,5,61.09677316872686
1000000.0,0.3,2500.0,0.5235987755982988,0,3.249999999999999
1000000.0,0.3,2500.0,0.5235987755982988,1,9.100000000000001
1000000.0,0.3,2500.0,0.5235987755982988,2,20.37941176470588
1000000.0,0.3,2500.0,0.5235987755982988,3,36.274193548387096
1000000.0,0.3,2500.0,0.5235987755982988,4,56.73571428571429
1000000.0,0.3,2500.0,0.5235987755982988,5,81.75352112676062
1000000.0,0.3,2500.0,0.6981317007977318,0,3.249999999999999
1000000.0,0.3,2500.0,0.6981317007977318,1,10.75410522386737
1000000.0,0.3,2500.0,0.6981317007977318,2,25.203753297513103
1000000.0,0.3,2500.0,0.6981317007977318,3,45.60907426008969
1000000.0,0.3,2500.0,0.6981317007977318,4,71.8968696649917
1000000.0,0.3,2500.0,0.6981317007977318,5,104.04818454148904
1000000.0,0.3,2500.0,0.8726646259971648,0,3.249999999999999
1000000.0,0.3,2500.0,0.8726646259971648,1,12.67693984291283
1000000.0,0.3,2500.0,0.8726646259971648,2,30.075030888849657
1000000.0,0.3,2500.0,0.8726646259971648,3,54.46952434311222
1000000.0,0.3,2500.0,0.8726646259971648,4,85.83809497003097
1000000.0,0.3,2500.0,0.8726646259971648,5,124.17831522043988
5000000.0,0.3,2500.0,0.17453292519943295,0,0.6500000000000005
5000000.0,0.3,2500.0,0.17453292519943295,1,1.3925697548506342
5000000.0,0.3,2500.0,0.17453292519943295,2,2.707603801224037
5000000.0,0.3,2500.0,0.17453292519943295,3,4.4347550897102925
5000000.0,0.3,2500.0,0.17453292519943295,4,6.552960528528847
5000000.0,0.3,2500.0,0.17453292519943295,5,9.052909628434218
5000000.0,0.3,2500.0,0.3490658503988659,0,0.6499999999999999
5000000.0,0.3,2500.0,0.3490658503988659,1,1.5710316062056198
5000000.0,0.3,2500.0,0.3490658503988659,2,3.285698522173529
5000000.0,0.3,2500.0,0.3490658503988659,3,5.638202211410014
5000000.0,0.3,2500.0,0.3490658503988659,4,8.616993680245844
5000000.0,0.3,2500.0,0.3490658503988659,5,12.219354633745374
5000000.0,0.3,2500.0,0.5235987755982988,0,0.6499999999999998
5000000.0,0.3,2500.0,0.5235987755982988,1,1.8200000000000005
5000000.0,0.3,2500.0,0.5235987755982988,2,4.075882352941176
5000000.0,0.3,2500.0,0.5235987755982988,3,7.2548387096774185
5000000.0,0.3,2500.0,0.5235987755982988,4,11.347142857142858
5000000.0,0.3,2500.0,0.5235987755982988,5,16.350704225352118
5000000.0,0.3,2500.0,0.6981317007977318,0,0.6499999999999998
5000000.0,0.3,2500.0,0.6981317007977318,1,2.1508210447734744
5000000.0,0.3,2500.0,0.6981317007977318,2,5.040750659502621
5000000.0,0.3,2500.0,0.6981317007977318,3,9.12181485201794
5000000.0,0.3,2500.0,0.6981317007977318,4,14.379373932998343
5000000.0,0.3,2500.0,0.6981317007977318,5,20.80963690829781
5000000.0,0.3,2500.0,0.8726646259971648,0,0.6499999999999998
5000000.0,0.3,2500.0,0.8726646259971648,1,2.5353879685825658
5000000.0,0.3,2500.0,0.8726646259971648,2,6.015006177769931
5000000.0,0.3,2500.0,0.8726646259971648,3,10.893904868622446
5000000.0,0.3,2500.0,0.8726646259971648,4,17.167618994006194
5000000.0,0.3,2500.0,0.8726646259971648,5,24.83566304408797
10000000.0,0.3,2500.0,0.17453292519943295,0,0.32500000000000023
10000000.0,0.3,2500.0,0.17453292519943295,1,0.6962848774253171
10000000.0,0.3,2500.0,0.17453292519943295,2,1.3538019006120185
10000000.0,0.3,2500.0,0.17453292519943295,3,2.2173775448551463
10000000.0,0.3,2500.0,0.17453292519943295,4,3.2764802642644235
10000000.0,0.3,2500.0,0.17453292519943295,5,4.526454814217109
10000000.0,0.3,2500.0,0.3490658503988659,0,0.32499999999999996
10000000.0,0.3,2500.0,0.3490658503988659,1,0.7855158031028099
10000000.0,0.3,2500.0,0.3490658503988659,2,1.6428492610867644
10000000.0,0.3,2500.0,0.3490658503988659,3,2.819101105705007
10000000.0,0.3,2500.0,0.3490658503988659,4,4.308496840122922
10000000.0,0.3,2500.0,0.3490658503988659,5,6.109677316872687
10000000.0,0.3,2500.0,0.5235987755982988,0,0.3249999999999999
10000000.0,0.3,2500.0,0.5235987755982988,1,0.9100000000000003
10000000.0,0.3,2500.0,0.5235987755982988,2,2.037941176470588
10000000.0,0.3,2500.0,0.5235987755982988,3,3.6274193548387093
10000000.0,0.3,2500.0,0.5235987755982988,4,5.673571428571429
10000000.0,0.3,2500.0,0.5235987755982988,5,8.175352112676059
10000000.0,0.3,2500.0,0.6981317007977318,0,0.3249999999999999
10000000.0,0.3,2500.0,0.6981317007977318,1,1.0754105223867372
10000000.0,0.3,2500.0,0.6981317007977318,2,2.5203753297513103
10000000.0,0.3,2500.0,0.6981317007977318,3,4.56090742600897
10000000.0,0.3,2500.0,0.6981317007977318,4,7.189686966499171
10000000.0,0.3,2500.0,0.6981317007977318,5,10.404818454148906
10000000.0,0.3,2500.0,0.8726646259971648,0,0.3249999999999999
10000000.0,0.3,2500.0,0.8726646259971648,1,1.2676939842912829
10000000.0,0.3,2500.0,0.8726646259971648,2,3.0075030888849654
10000000.0,0.3,2500.0,0.8726646259971648,3,5.446952434311223
10000000.0,0.3,2500.0,0.8726646259971648,4,8.583809497003097
10000000.0,0.3,2500.0,0.8726646259971648,5,12.417831522043985
1000000.0,0.1,5000.0,0.17453292519943295,0,5.500000000000008
1000000.0,0.1,5000.0,0.17453292519943295,1,13.57850612419921
1000000.0,0.1,5000.0,0.17453292519943295,2,27.884920474854905
1000000.0,0.1,5000.0,0.17453292519943295,3,46.674808118826256
1000000.0,0.1,5000.0,0.17453292519943295,4,69.71902113454462
1000000.0,0.1,5000.0,0.17453292519943295,5,96.91626958406455
1000000.0,0.1,5000.0,0.3490658503988659,0,5.500000000000003
1000000.0,0.1,5000.0,0.3490658503988659,1,15.520014177401798
1000000.0,0.1,5000.0,0.3490658503988659,2,34.174082823646074
1000000.0,0.1,5000.0,0.3490658503988659,3,59.767254827427614
1000000.0,0.1,5000.0,0.3490658503988659,4,92.17388729058665
1000000.0,0.1,5000.0,0.3490658503988659,5,131.36440755393318
1000000.0,0.1,5000.0,0.5235987755982988,0,5.500000000000001
1000000.0,0.1,5000.0,0.5235987755982988,1,18.22857142857143
1000000.0,0.1,5000.0,0.5235987755982988,2,42.7705882352941
1000000.0,0.1,5000.0,0.5235987755982988,3,77.35483870967741
1000000.0,0.1,5000.0,0.5235987755982988,4,121.87551020408166
1000000.0,0.1,5000.0,0.5235987755982988,5,176.30985915492968
1000000.0,0.1,5000.0,0.6981317007977318,0,5.500000000000001
1000000.0,0.1,5000.0,0.6981317007977318,1,21.827613564019114
1000000.0,0.1,5000.0,0.6981317007977318,2,53.267507174808735
1000000.0,0.1,5000.0,0.6981317007977318,3,97.66589784063471
1000000.0,0.1,5000.0,0.6981317007977318,4,154.86351861174023
1000000.0,0.1,5000.0,0.6981317007977318,5,224.81912680455855
1000000.0,0.1,5000.0,0.8726646259971648,0,5.5
1000000.0,0.1,5000.0,0.8726646259971648,1,26.0113636142499
1000000.0,0.1,5000.0,0.8726646259971648,2,63.86655072518935
1000000.0,0.1,5000.0,0.8726646259971648,3,116.94467933995844
1000000.0,0.1,5000.0,0.8726646259971648,4,185.19717367105636
1000000.0,0.1,5000.0,0.8726646259971648,5,268.6187517983197
5000000.0,0.1,5000.0,0.17453292519943295,0,1.1000000000000016
5000000.0,0.1,5000.0,0.17453292519943295,1,2.715701224839842
5000000.0,0.1,5000.0,0.17453292519943295,2,5.576984094970982
5000000.0,0.1,5000.0,0.17453292519943295,3,9.334961623765253
5000000.0,0.1,5000.0,0.17453292519943295,4,13.943804226908922
5000000.0,0.1,5000.0,0.17453292519943295,5,19.38325391681291
5000000.0,0.1,5000.0,0.3490658503988659,0,1.1000000000000005
5000000.0,0.1,5000.0,0.3490658503988659,1,3.104002835480359
5000000.0,0.1,5000.0,0.3490658503988659,2,6.834816564729215
5000000.0,0.1,5000.0,0.3490658503988659,3,11.953450965485523
5000000.0,0.1,5000.0,0.3490658503988659,4,18.434777458117328
5000000.0,0.1,5000.0,0.3490658503988659,5,26.272881510786636
5000000.0,0.1,5000.0,0.5235987755982988,0,1.1
5000000.0,0.1,5000.0,0.5235987755982988,1,3.6457142857142864
5000000.0,0.1,5000.0,0.5235987755982988,2,8.554117647058822
5000000.0,0.1,5000.0,0.5235987755982988,3,15.470967741935482
5000000.0,0.1,5000.0,0.5235987755982988,4,24.37510204081633
5000000.0,0.1,5000.0,0.5235987755982988,5,35.261971830985935
5000000.0,0.1,5000.0,0.6981317007977318,0,1.1
5000000.0,0.1,5000.0,0.6981317007977318,1,4.365522712803823
5000000.0,0.1,5000.0,0.6981317007977318,2,10.653501434961747
5000000.0,0.1,5000.0,0.6981317007977318,3,19.533179568126947
5000000.0,0.1,5000.0,0.6981317007977318,4,30.972703722348047
5000000.0,0.1,5000.0,0.6981317007977318,5,44.96382536091171
5000000.0,0.1,5000.0,0.8726646259971648,0,1.0999999999999999
5000000.0,0.1,5000.0,0.8726646259971648,1,5.202272722849979
5000000.0,0.1,5000.0,0.8726646259971648,2,12.773310145037868
5000000.0,0.1,5000.0,0.8726646259971648,3,23.388935867991687
5000000.0,0.1,5000.0,0.8726646259971648,4,37.03943473421127
5000000.0,0.1,5000.0,0.8726646259971648,5,53.72375035966394
10000000.0,0.1,5000.0,0.17453292519943295,0,0.5500000000000008
10000000.0,0.1,5000.0,0.17453292519943295,1,1.357850612419921
10000000.0,0.1,5000.0,0.17453292519943295,2,2.788492047485491
10000000.0,0.1,5000.0,0.17453292519943295,3,4.667480811882626
10000000.0,0.1,5000.0,0.17453292519943295,4,6.971902113454461
10000000.0,0.1,5000.0,0.17453292519943295,5,9.691626958406456
10000000.0,0.1,5000.0,0.3490658503988659,0,0.5500000000000003
10000000.0,0.1,5000.0,0.3490658503988659,1,1.5520014177401795
10000000.0,0.1,5000.0,0.3490658503988659,2,3.4174082823646077
10000000.0,0.1,5000.0,0.3490658503988659,3,5.976725482742761
10000000.0,0.1,5000.0,0.3490658503988659,4,9.217388729058664
10000000.0,0.1,5000.0,0.3490658503988659,5,13.136440755393318
10000000.0,0.1,5000.0,0.5235987755982988,0,0.55
10000000.0,0.1,5000.0,0.5235987755982988,1,1.8228571428571432
10000000.0,0.1,5000.0,0.5235987755982988,2,4.277058823529411
10000000.0,0.1,5000.0,0.5235987755982988,3,7.735483870967741
10000000.0,0.1,5000.0,0.5235987755982988,4,12.187551020408165
10000000.0,0.1,5000.0,0.5235987755982988,5,17.630985915492968
10000000.0,0.1,5000.0,0.6981317007977318,0,0.55
10000000.0,0.1,5000.0,0.6981317007977318,1,2.1827613564019117
10000000.0,0.1,5000.0,0.6981317007977318,2,5.3267507174808735
10000000.0,0.1,5000.0,0.6981317007977318,3,9.766589784063473
10000000.0,0.1,5000.0,0.6981317007977318,4,15.486351861174024
10000000.0,0.1,5000.0,0.6981317007977318,5,22.481912680455856
10000000.0,0.1,5000.0,0.8726646259971648,0,0.5499999999999999
10000000.0,0.1,5000.0,0.8726646259971648,1,2.6011363614249894
10000000.0,0.1,5000.0,0.8726646259971648,2,6.386655072518934
10000000.0,0.1,5000.0,0.8726646259971648,3,11.694467933995844
10000000.0,0.1,5000.0,0.8726646259971648,4,18.519717367105635
10000000.0,0.1,5000.0,0.8726646259971648,5,26.86187517983197
1000000.0,0.2,5000.0,0.17453292519943295,0,6.000000000000013
1000000.0,0.2,5000.0,0.17453292519943295,1,13.83370290831439
1000000.0,0.2,5000.0,0.17453292519943295,2,27.706589551374456
1000000.0,0.2,5000.0,0.17453292519943295,3,45.92708666068001
1000000.0,0.2,5000.0,0.17453292519943295,4,68.27299019107355
1000000.0,0.2,5000.0,0.17453292519943295,5,94.64607959666866
1000000.0,0.2,5000.0,0.3490658503988659,0,6.000000000000004
1000000.0,0.2,5000.0,0.3490658503988659,1,15.716377384147197
1000000.0,0.2,5000.0,0.3490658503988659,2,33.80517122292954
1000000.0,0.2,5000.0,0.3490658503988659,3,58.622792559929806
1000000.0,0.2,5000.0,0.3490658503988659,4,90.04740585753856
1000000.0,0.2,5000.0,0.3490658503988659,5,128.05033459775336
1000000.0,0.2,5000.0,0.5235987755982988,0,6.0
1000000.0,0.2,5000.0,0.5235987755982988,1,18.342857142857145
1000000.0,0.2,5000.0,0.5235987755982988,2,42.14117647058822
1000000.0,0.2,5000.0,0.5235987755982988,3,75.6774193548387
1000000.0,0.2,5000.0,0.5235987755982988,4,118.84897959183672
1000000.0,0.2,5000.0,0.5235987755982988,5,171.6338028169015
1000000.0,0.2,5000.0,0.6981317007977318,0,5.999999999999997
1000000.0,0.2,5000.0,0.6981317007977318,1,21.832837395412476
1000000.0,0.2,5000.0,0.6981317007977318,2,52.32000695739029
1000000.0,0.2,5000.0,0.6981317007977318,3,95.37299184546399
1000000.0,0.2,5000.0,0.6981317007977318,4,150.83735138108142
1000000.0,0.2,5000.0,0.6981317007977318,5,218.67309265896586
1000000.0,0.2,5000.0,0.8726646259971648,0,6.0
1000000.0,0.2,5000.0,0.8726646259971648,1,25.889807141090802
1000000.0,0.2,5000.0,0.8726646259971648,2,62.59786736988059
1000000.0,0.2,5000.0,0.8726646259971648,3,114.0675678448082
1000000.0,0.2,5000.0,0.8726646259971648,4,180.25180477193345
1000000.0,0.2,5000.0,0.8726646259971648,5,261.1454562892797
5000000.0,0.2,5000.0,0.17453292519943295,0,1.2000000000000024
5000000.0,0.2,5000.0,0.17453292519943295,1,2.766740581662878
5000000.0,0.2,5000.0,0.17453292519943295,2,5.541317910274891
5000000.0,0.2,5000.0,0.17453292519943295,3,9.185417332136
5000000.0,0.2,5000.0,0.17453292519943295,4,13.654598038214713
5000000.0,0.2,5000.0,0.17453292519943295,5,18.929215919333732
5000000.0,0.2,5000.0,0.3490658503988659,0,1.2000000000000008
5000000.0,0.2,5000.0,0.3490658503988659,1,3.143275476829439
5000000.0,0.2,5000.0,0.3490658503988659,2,6.761034244585906
5000000.0,0.2,5000.0,0.3490658503988659,3,11.724558511985961
5000000.0,0.2,5000.0,0.3490658503988659,4,18.009481171507716
5000000.0,0.2,5000.0,0.3490658503988659,5,25.610066919550672
5000000.0,0.2,5000.0,0.5235987755982988,0,1.2
5000000.0,0.2,5000.0,0.5235987755982988,1,3.6685714285714286
5000000.0,0.2,5000.0,0.5235987755982988,2,8.428235294117645
5000000.0,0.2,5000.0,0.5235987755982988,3,15.135483870967741
5000000.0,0.2,5000.0,0.5235987755982988,4,23.769795918367347
5000000.0,0.2,5000.0,0.5235987755982988,5,34.3267605633803
5000000.0,0.2,5000.0,0.6981317007977318,0,1.1999999999999995
5000000.0,0.2,5000.0,0.6981317007977318,1,4.366567479082495
5000000.0,0.2,5000.0,0.6981317007977318,2,10.464001391478059
5000000.0,0.2,5000.0,0.6981317007977318,3,19.074598369092797
5000000.0,0.2,5000.0,0.6981317007977318,4,30.167470276216285
5000000.0,0.2,5000.0,0.6981317007977318,5,43.73461853179318
5000000.0,0.2,5000.0,0.8726646259971648,0,1.2
5000000.0,0.2,5000.0,0.8726646259971648,1,5.17796142821816
5000000.0,0.2,5000.0,0.8726646259971648,2,12.519573473976116
5000000.0,0.2,5000.0,0.8726646259971648,3,22.81351356896164
5000000.0,0.2,5000.0,0.8726646259971648,4,36.05036095438669
5000000.0,0.2,5000.0,0.8726646259971648,5,52.22909125785593
10000000.0,0.2,5000.0,0.17453292519943295,0,0.6000000000000012
10000000.0,0.2,5000.0,0.17453292519943295,1,1.383370290831439
10000000.0,0.2,5000.0,0.17453292519943295,2,2.7706589551374456
10000000.0,0.2,5000.0,0.17453292519943295,3,4.592708666068
10000000.0,0.2,5000.0,0.17453292519943295,4,6.827299019107357
10000000.0,0.2,5000.0,0.17453292519943295,5,9.464607959666866
10000000.0,0.2,5000.0,0.3490658503988659,0,0.6000000000000004
10000000.0,0.2,5000.0,0.3490658503988659,1,1.5716377384147195
10000000.0,0.2,5000.0,0.3490658503988659,2,3.380517122292953
10000000.0,0.2,5000.0,0.3490658503988659,3,5.862279255992981
10000000.0,0.2,5000.0,0.3490658503988659,4,9.004740585753858
10000000.0,0.2,5000.0,0.3490658503988659,5,12.805033459775336
10000000.0,0.2,5000.0,0.5235987755982988,0,0.6
10000000.0,0.2,5000.0,0.5235987755982988,1,1.8342857142857143
10000000.0,0.2,5000.0,0.5235987755982988,2,4.214117647058822
10000000.0,0.2,5000.0,0.5235987755982988,3,7.567741935483871
10000000.0,0.2,5000.0,0.5235987755982988,4,11.884897959183673
10000000.0,0.2,5000.0,0.5235987755982988,5,17.16338028169015
10000000.0,0.2,5000.0,0.6981317007977318,0,0.5999999999999998
10000000.0,0.2,5000.0,0.6981317007977318,1,2.1832837395412477
10000000.0,0.2,5000.0,0.6981317007977318,2,5.232000695739029
10000000.0,0.2,5000.0,0.6981317007977318,3,9.537299184546399
10000000.0,0.2,5000.0,0.6981317007977318,4,15.083735138108143
10000000.0,0.2,5000.0,0.6981317007977318,5,21.86730926589659
10000000.0,0.2,5000.0,0.8726646259971648,0,0.6
10000000.0,0.2,5000.0,0.8726646259971648,1,2.58898071410908
10000000.0,0.2,5000.0,0.8726646259971648,2,6.259786736988058
10000000.0,0.2,5000.0,0.8726646259971648,3,11.40675678448082
10000000.0,0.2,5000.0,0.8726646259971648,4,18.025180477193345
10000000.0,0.2,5000.0,0.8726646259971648,5,26.114545628927964
1000000.0,0.3,5000.0,0.17453292519943295,0,6.500000000000005
1000000.0,0.3,5000.0,0.17453292519943295,1,13.925697548506346
1000000.0,0.3,5000.0,0.17453292519943295,2,27.07603801224037
1000000.0,0.3,5000.0,0.17453292519943295,3,44.34755089710292
1000000.0,0.3,5000.0,0.17453292519943295,4,65.52960528528848
1000000.0,0.3,5000.0,0.17453292519943295,5,90.52909628434217
1000000.0,0.3,5000.0,0.3490658503988659,0,6.499999999999999
1000000.0,0.3,5000.0,0.3490658503988659,1,15.710316062056195
1000000.0,0.3,5000.0,0.3490658503988659,2,32.856985221735286
1000000.0,0.3,5000.0,0.3490658503988659,3,56.38202211410014
1000000.0,0.3,5000.0,0.3490658503988659,4,86.16993680245844
1000000.0,0.3,5000.0,0.3490658503988659,5,122.19354633745372
1000000.0,0.3,5000.0,0.5235987755982988,0,6.499999999999998
1000000.0,0.3,5000.0,0.5235987755982988,1,18.200000000000003
1000000.0,0.3,5000.0,0.5235987755982988,2,40.75882352941176
1000000.0,0.3,5000.0,0.5235987755982988,3,72.54838709677419
1000000.0,0.3,5000.0,0.5235987755982988,4,113.47142857142858
1000000.0,0.3,5000.0,0.5235987755982988,5,163.50704225352123
1000000.0,0.3,5000.0,0.6981317007977318,0,6.499999999999998
1000000.0,0.3,5000.0,0.6981317007977318,1,21.50821044773474
1000000.0,0.3,5000.0,0.6981317007977318,2,50.407506595026206
1000000.0,0.3,5000.0,0.6981317007977318,3,91.21814852017938
1000000.0,0.3,5000.0,0.6981317007977318,4,143.7937393299834
1000000.0,0.3,5000.0,0.6981317007977318,5,208.09636908297807
1000000.0,0.3,5000.0,0.8726646259971648,0,6.499999999999998
1000000.0,0.3,5000.0,0.8726646259971648,1,25.35387968582566
1000000.0,0.3,5000.0,0.8726646259971648,2,60.150061777699314
1000000.0,0.3,5000.0,0.8726646259971648,3,108.93904868622444
1000000.0,0.3,5000.0,0.8726646259971648,4,171.67618994006193
1000000.0,0.3,5000.0,0.8726646259971648,5,248.35663044087977
5000000.0,0.3,5000.0,0.17453292519943295,0,1.300000000000001
5000000.0,0.3,5000.0,0.17453292519943295,1,2.7851395097012683
5000000.0,0.3,5000.0,0.17453292519943295,2,5.415207602448074
5000000.0,0.3,5000.0,0.17453292519943295,3,8.869510179420585
5000000.0,0.3,5000.0,0.17453292519943295,4,13.105921057057694
5000000.0,0.3,5000.0,0.17453292519943295,5,18.105819256868436
5000000.0,0.3,5000.0,0.3490658503988659,0,1.2999999999999998
5000000.0,0.3,5000.0,0.3490658503988659,1,3.1420632124112395
5000000.0,0.3,5000.0,0.3490658503988659,2,6.571397044347058
5000000.0,0.3,5000.0,0.3490658503988659,3,11.276404422820027
5000000.0,0.3,5000.0,0.3490658503988659,4,17.23398736049169
5000000.0,0.3,5000.0,0.3490658503988659,5,24.438709267490747
5000000.0,0.3,5000.0,0.5235987755982988,0,1.2999999999999996
5000000.0,0.3,5000.0,0.5235987755982988,1,3.640000000000001
5000000.0,0.3,5000.0,0.5235987755982988,2,8.151764705882352
5000000.0,0.3,5000.0,0.5235987755982988,3,14.509677419354837
5000000.0,0.3,5000.0,0.5235987755982988,4,22.694285714285716
5000000.0,0.3,5000.0,0.5235987755982988,5,32.701408450704236
5000000.0,0.3,5000.0,0.6981317007977318,0,1.2999999999999996
5000000.0,0.3,5000.0,0.6981317007977318,1,4.301642089546949
5000000.0,0.3,5000.0,0.6981317007977318,2,10.081501319005241
5000000.0,0.3,5000.0,0.6981317007977318,3,18.24362970403588
5000000.0,0.3,5000.0,0.6981317007977318,4,28.758747865996686
5000000.0,0.3,5000.0,0.6981317007977318,5,41.61927381659562
5000000.0,0.3,5000.0,0.8726646259971648,0,1.2999999999999996
5000000.0,0.3,5000.0,0.8726646259971648,1,5.0707759371651315
5000000.0,0.3,5000.0,0.8726646259971648,2,12.030012355539862
5000000.0,0.3,5000.0,0.8726646259971648,3,21.787809737244892
5000000.0,0.3,5000.0,0.8726646259971648,4,34.33523798801239
5000000.0,0.3,5000.0,0.8726646259971648,5,49.67132608817594
10000000.0,0.3,5000.0,0.17453292519943295,0,0.6500000000000005
10000000.0,0.3,5000.0,0.17453292519943295,1,1.3925697548506342
10000000.0,0.3,5000.0,0.17453292519943295,2,2.707603801224037
10000000.0,0.3,5000.0,0.17453292519943295,3,4.4347550897102925
10000000.0,0.3,5000.0,0.17453292519943295,4,6.552960528528847
10000000.0,0.3,5000.0,0.17453292519943295,5,9.052909628434218
10000000.0,0.3,5000.0,0.3490658503988659,0,0.6499999999999999
10000000.0,0.3,5000.0,0.3490658503988659,1,1.5710316062056198
10000000.0,0.3,5000.0,0.3490658503988659,2,3.285698522173529
10000000.0,0.3,5000.0,0.3490658503988659,3,5.638202211410014
10000000.0,0.3,5000.0,0.3490658503988659,4,8.616993680245844
10000000.0,0.3,5000.0,0.3490658503988659,5,12.219354633745374
10000000.0,0.3,5000.0,0.5235987755982988,0,0.6499999999999998
10000000.0,0.3,5000.0,0.5235987755982988,1,1.8200000000000005
10000000.0,0.3,5000.0,0.5235987755982988,2,4.075882352941176
10000000.0,0.3,5000.0,0.5235987755982988,3,7.2548387096774185
10000000.0,0.3,5000.0,0.5235987755982988,4,11.347142857142858
10000000.0,0.3,5000.0,0.5235987755982988,5,16.350704225352118
10000000.0,0.3,5000.0,0.6981317007977318,0,0.6499999999999998
10000000.0,0.3,5000.0,0.6981317007977318,1,2.1508210447734744
10000000.0,0.3,5000.0,0.6981317007977318,2,5.040750659502621
10000000.0,0.3,5000.0,0.6981317007977318,3,9.12181485201794
10000000.0,0.3,5000.0,0.6981317007977318,4,14.379373932998343
10000000.0,0.3,5000.0,0.6981317007977318,5,20.80963690829781
10000000.0,0.3,5000.0,0.8726646259971648,0,0.6499999999999998
10000000.0,0.3,5000.0,0.8726646259971648,1,2.5353879685825658
10000000.0,0.3,5000.0,0.8726646259971648,2,6.015006177769931
10000000.0,0.3,5000.0,0.8726646259971648,3,10.893904868622446
10000000.0,0.3,5000.0,0.8726646259971648,4,17.167618994006194
10000000.0,0.3,5000.0,0.8726646259971648,5,24.83566304408797
1000000.0,0.1,10000.0,0.17453292519943295,0,11.000000000000016
1000000.0,0.1,10000.0,0.17453292519943295,1,27.15701224839842
1000000.0,0.1,10000.0,0.17453292519943295,2,55.76984094970981
1000000.0,0.1,10000.0,0.17453292519943295,3,93.34961623765251
1000000.0,0.1,10000.0,0.17453292519943295,4,139.43804226908924
1000000.0,0.1,10000.0,0.17453292519943295,5,193.8325391681291
1000000.0,0.1,10000.0,0.3490658503988659,0,11.000000000000005
1000000.0,0.1,10000.0,0.3490658503988659,1,31.040028354803596
1000000.0,0.1,10000.0,0.3490658503988659,2,68.34816564729215
1000000.0,0.1,10000.0,0.3490658503988659,3,119.53450965485523
1000000.0,0.1,10000.0,0.3490658503988659,4,184.3477745811733
1000000.0,0.1,10000.0,0.3490658503988659,5,262.72881510786635
1000000.0,0.1,10000.0,0.5235987755982988,0,11.000000000000002
1000000.0,0.1,10000.0,0.5235987755982988,1,36.45714285714286
1000000.0,0.1,10000.0,0.5235987755982988,2,85.5411764705882
1000000.0,0.1,10000.0,0.5235987755982988,3,154.70967741935482
1000000.0,0.1,10000.0,0.5235987755982988,4,243.75102040816333
1000000.0,0.1,10000.0,0.5235987755982988,5,352.61971830985937
1000000.0,0.1,10000.0,0.6981317007977318,0,11.000000000000002
1000000.0,0.1,10000.0,0.6981317007977318,1,43.65522712803823
1000000.0,0.1,10000.0,0.6981317007977318,2,106.53501434961747
1000000.0,0.1,10000.0,0.6981317007977318,3,195.33179568126943
1000000.0,0.1,10000.0,0.6981317007977318,4,309.72703722348047
1000000.0,0.1,10000.0,0.6981317007977318,5,449.6382536091171
1000000.0,0.1,10000.0,0.8726646259971648,0,11.0
1000000.0,0.1,10000.0,0.8726646259971648,1,52.0227272284998
1000000.0,0.1,10000.0,0.8726646259971648,2,127.7331014503787
1000000.0,0.1,10000.0,0.8726646259971648,3,233.88935867991688
1000000.0,0.1,10000.0,0.8726646259971648,4,370.3943473421127
1000000.0,0.1,10000.0,0.8726646259971648,5,537.2375035966394
5000000.0,0.1,10000.0,0.17453292519943295,0,2.2000000000000033
5000000.0,0.1,10000.0,0.17453292519943295,1,5.431402449679684
5000000.0,0.1,10000.0,0.17453292519943295,2,11.153968189941963
5000000.0,0.1,10000.0,0.17453292519943295,3,18.669923247530505
5000000.0,0.1,10000.0,0.17453292519943295,4,27.887608453817844
5000000.0,0.1,10000.0,0.17453292519943295,5,38.76650783362582
5000000.0,0.1,10000.0,0.3490658503988659,0,2.200000000000001
5000000.0,0.1,10000.0,0.3490658503988659,1,6.208005670960718
5000000.0,0.1,10000.0,0.3490658503988659,2,13.66963312945843
5000000.0,0.1,10000.0,0.3490658503988659,3,23.906901930971046
5000000.0,0.1,10000.0,0.3490658503988659,4,36.869554916234655
5000000.0,0.1,10000.0,0.3490658503988659,5,52.54576302157327
5000000.0,0.1,10000.0,0.5235987755982988,0,2.2
5000000.0,0.1,10000.0,0.5235987755982988,1,7.291428571428573
5000000.0,0.1,10000.0,0.5235987755982988,2,17.108235294117645
5000000.0,0.1,10000.0,0.5235987755982988,3,30.941935483870964
5000000.0,0.1,10000.0,0.5235987755982988,4,48.75020408163266
5000000.0,0.1,10000.0,0.5235987755982988,5,70.52394366197187
5000000.0,0.1,10000.0,0.6981317007977318,0,2.2
5000000.0,0.1,10000.0,0.6981317007977318,1,8.731045425607647
5000000.0,0.1,10000.0,0.6981317007977318,2,21.307002869923494
5000000.0,0.1,10000.0,0.6981317007977318,3,39.066359136253894
5000000.0,0.1,10000.0,0.6981317007977318,4,61.945407444696095
5000000.0,0.1,10000.0,0.6981317007977318,5,89.92765072182343
5000000.0,0.1,10000.0,0.8726646259971648,0,2.1999999999999997
5000000.0,0.1,10000.0,0.8726646259971648,1,10.404545445699958
5000000.0,0.1,10000.0,0.8726646259971648,2,25.546620290075737
5000000.0,0.1,10000.0,0.8726646259971648,3,46.777871735983375
5000000.0,0.1,10000.0,0.8726646259971648,4,74.07886946842254
5000000.0,0.1,10000.0,0.8726646259971648,5,107.44750071932788
10000000.0,0.1,10000.0,0.17453292519943295,0,1.1000000000000016
10000000.0,0.1,10000.0,0.17453292519943295,1,2.715701224839842
10000000.0,0.1,10000.0,0.17453292519943295,2,5.576984094970982
10000000.0,0.1,10000.0,0.17453292519943295,3,9.334961623765253
10000000.0,0.1,10000.0,0.17453292519943295,4,13.943804226908922
10000000.0,0.1,10000.0,0.17453292519943295,5,19.38325391681291
10000000.0,0.1,10000.0,0.3490658503988659,0,1.1000000000000005
10000000.0,0.1,10000.0,0.3490658503988659,1,3.104002835480359
10000000.0,0.1,10000.0,0.3490658503988659,2,6.834816564729215
10000000.0,0.1,10000.0,0.3490658503988659,3,11.953450965485523
10000000.0,0.1,10000.0,0.3490658503988659,4,18.434777458117328
10000000.0,0.1,10000.0,0.3490658503988659,5,26.272881510786636
10000000.0,0.1,10000.0,0.5235987755982988,0,1.1
10000000.0,0.1,10000.0,0.5235987755982988,1,3.6457142857142864
10000000.0,0.1,10000.0,0.5235987755982988,2,8.554117647058822
10000000.0,0.1,10000.0,0.5235987755982988,3,15.470967741935482
10000000.0,0.1,10000.0,0.5235987755982988,4,24.37510204081633
10000000.0,0.1,10000.0,0.5235987755982988,5,35.261971830985935
10000000.0,0.1,10000.0,0.6981317007977318,0,1.1
10000000.0,0.1,10000.0,0.6981317007977318,1,4.365522712803823
10000000.0,0.1,10000.0,0.6981317007977318,2,10.653501434961747
10000000.0,0.1,10000.0,0.6981317007977318,3,19.533179568126947
10000000.0,0.1,10000.0,0.6981317007977318,4,30.972703722348047
10000000.0,0.1,10000.0,0.6981317007977318,5,44.96382536091171
10000000.0,0.1,10000.0,0.8726646259971648,0,1.0999999999999999
10000000.0,0.1,10000.0,0.8726646259971648,1,5.202272722849979
10000000.0,0.1,10000.0,0.8726646259971648,2,12.773310145037868
10000000.0,0.1,10000.0,0.8726646259971648,3,23.388935867991687
10000000.0,0.1,10000.0,0.8726646259971648,4,37.03943473421127
10000000.0,0.1,10000.0,0.8726646259971648,5,53.72375035966394
1000000.0,0.2,10000.0,0.17453292519943295,0,12.000000000000027
1000000.0,0.2,10000.0,0.17453292519943295,1,27.66740581662878
1000000.0,0.2,10000.0,0.17453292519943295,2,55.41317910274891
1000000.0,0.2,10000.0,0.17453292519943295,3,91.85417332136002
1000000.0,0.2,10000.0,0.17453292519943295,4,136.5459803821471
1000000.0,0.2,10000.0,0.17453292519943295,5,189.2921591933373
1000000.0,0.2,10000.0,0.3490658503988659,0,12.000000000000009
1000000.0,0.2,10000.0,0.3490658503988659,1,31.432754768294394
1000000.0,0.2,10000.0,0.3490658503988659,2,67.61034244585908
1000000.0,0.2,10000.0,0.3490658503988659,3,117.24558511985961
1000000.0,0.2,10000.0,0.3490658503988659,4,180.09481171507713
1000000.0,0.2,10000.0,0.3490658503988659,5,256.1006691955067
1000000.0,0.2,10000.0,0.5235987755982988,0,12.0
1000000.0,0.2,10000.0,0.5235987755982988,1,36.68571428571429
1000000.0,0.2,10000.0,0.5235987755982988,2,84.28235294117644
1000000.0,0.2,10000.0,0.5235987755982988,3,151.3548387096774
1000000.0,0.2,10000.0,0.5235987755982988,4,237.69795918367345
1000000.0,0.2,10000.0,0.5235987755982988,5,343.267605633803
1000000.0,0.2,10000.0,0.6981317007977318,0,11.999999999999995
1000000.0,0.2,10000.0,0.6981317007977318,1,43.66567479082495
1000000.0,0.2,10000.0,0.6981317007977318,2,104.64001391478058
1000000.0,0.2,10000.0,0.6981317007977318,3,190.74598369092797
1000000.0,0.2,10000.0,0.6981317007977318,4,301.67470276216284
1000000.0,0.2,10000.0,0.6981317007977318,5,437.3461853179317
1000000.0,0.2,10000.0,0.8726646259971648,0,12.0
1000000.0,0.2,10000.0,0.8726646259971648,1,51.779614282181605
1000000.0,0.2,10000.0,0.8726646259971648,2,125.19573473976118
1000000.0,0.2,10000.0,0.8726646259971648,3,228.1351356896164
1000000.0,0.2,10000.0,0.8726646259971648,4,360.5036095438669
1000000.0,0.2,10000.0,0.8726646259971648,5,522.2909125785594
5000000.0,0.2,10000.0,0.17453292519943295,0,2.400000000000005
5000000.0,0.2,10000.0,0.17453292519943295,1,5.533481163325756
5000000.0,0.2,10000.0,0.17453292519943295,2,11.082635820549783
5000000.0,0.2,10000.0,0.17453292519943295,3,18.370834664272
5000000.0,0.2,10000.0,0.17453292519943295,4,27.309196076429426
5000000.0,0.2,10000.0,0.17453292519943295,5,37.858431838667464
5000000.0,0.2,10000.0,0.3490658503988659,0,2.4000000000000017
5000000.0,0.2,10000.0,0.3490658503988659,1,6.286550953658878
5000000.0,0.2,10000.0,0.3490658503988659,2,13.522068489171811
5000000.0,0.2,10000.0,0.3490658503988659,3,23.449117023971922
5000000.0,0.2,10000.0,0.3490658503988659,4,36.01896234301543
5000000.0,0.2,10000.0,0.3490658503988659,5,51.220133839101344
5000000.0,0.2,10000.0,0.5235987755982988,0,2.4
5000000.0,0.2,10000.0,0.5235987755982988,1,7.337142857142857
5000000.0,0.2,10000.0,0.5235987755982988,2,16.85647058823529
5000000.0,0.2,10000.0,0.5235987755982988,3,30.270967741935483
5000000.0,0.2,10000.0,0.5235987755982988,4,47.539591836734694
5000000.0,0.2,10000.0,0.5235987755982988,5,68.6535211267606
5000000.0,0.2,10000.0,0.6981317007977318,0,2.399999999999999
5000000.0,0.2,10000.0,0.6981317007977318,1,8.73313495816499
5000000.0,0.2,10000.0,0.6981317007977318,2,20.928002782956117
5000000.0,0.2,10000.0,0.6981317007977318,3,38.149196738185594
5000000.0,0.2,10000.0,0.6981317007977318,4,60.33494055243257
5000000.0,0.2,10000.0,0.6981317007977318,5,87.46923706358636
5000000.0,0.2,10000.0,0.8726646259971648,0,2.4
5000000.0,0.2,10000.0,0.8726646259971648,1,10.35592285643632
5000000.0,0.2,10000.0,0.8726646259971648,2,25.039146947952233
5000000.0,0.2,10000.0,0.8726646259971648,3,45.62702713792328
5000000.0,0.2,10000.0,0.8726646259971648,4,72.10072190877338
5000000.0,0.2,10000.0,0.8726646259971648,5,104.45818251571185
10000000.0,0.2,10000.0,0.17453292519943295,0,1.2000000000000024
10000000.0,0.2,10000.0,0.17453292519943295,1,2.766740581662878
10000000.0,0.2,10000.0,0.17453292519943295,2,5.541317910274891
10000000.0,0.2,10000.0,0.17453292519943295,3,9.185417332136
10000000.0,0.2,10000.0,0.17453292519943295,4,13.654598038214713
10000000.0,0.2,10000.0,0.17453292519943295,5,18.929215919333732
10000000.0,0.2,10000.0,0.3490658503988659,0,1.2000000000000008
10000000.0,0.2,10000.0,0.3490658503988659,1,3.143275476829439
10000000.0,0.2,10000.0,0.3490658503988659,2,6.761034244585906
10000000.0,0.2,10000.0,0.3490658503988659,3,11.724558511985961
10000000.0,0.2,10000.0,0.3490658503988659,4,18.009481171507716
10000000.0,0.2,10000.0,0.3490658503988659,5,25.610066919550672
10000000.0,0.2,10000.0,0.5235987755982988,0,1.2
10000000.0,0.2,10000.0,0.5235987755982988,1,3.6685714285714286
10000000.0,0.2,10000.0,0.5235987755982988,2,8.428235294117645
10000000.0,0.2,10000.0,0.5235987755982988,3,15.135483870967741
10000000.0,0.2,10000.0,0.5235987755982988,4,23.769795918367347
10000000.0,0.2,10000.0,0.5235987755982988,5,34.3267605633803
10000000.0,0.2,10000.0,0.6981317007977318,0,1.1999999999999995
10000000.0,0.2,10000.0,0.6981317007977318,1,4.366567479082495
10000000.0,0.2,10000.0,0.6981317007977318,2,10.464001391478059
10000000.0,0.2,10000.0,0.6981317007977318,3,19.074598369092797
10000000.0,0.2,10000.0,0.6981317007977318,4,30.167470276216285
10000000.0,0.2,10000.0,0.6981317007977318,5,43.73461853179318
10000000.0,0.2,10000.0,0.8726646259971648,0,1.2
10000000.0,0.2,10000.0,0.8726646259971648,1,5.17796142821816
10000000.0,0.2,10000.0,0.8726646259971648,2,12.519573473976116
10000000.0,0.2,10000.0,0.8726646259971648,3,22.81351356896164
10000000.0,0.2,10000.0,0.8726646259971648,4,36.05036095438669
10000000.0,0.2,10000.0,0.8726646259971648,5,52.22909125785593
1000000.0,0.3,10000.0,0.17453292519943295,0,13.00000000000001
1000000.0,0.3,10000.0,0.17453292519943295,1,27.85139509701269
1000000.0,0.3,10000.0,0.17453292519943295,2,54.15207602448074
1000000.0,0.3,10000.0,0.17453292519943295,3,88.69510179420584
1000000.0,0.3,10000.0,0.17453292519943295,4,131.05921057057697
1000000.0,0.3,10000.0,0.17453292519943295,5,181.05819256868435
1000000.0,0.3,10000.0,0.3490658503988659,0,12.999999999999998
1000000.0,0.3,10000.0,0.3490658503988659,1,31.42063212411239
1000000.0,0.3,10000.0,0.3490658503988659,2,65.71397044347057
1000000.0,0.3,10000.0,0.3490658503988659,3,112.76404422820028
1000000.0,0.3,10000.0,0.3490658503988659,4,172.33987360491687
1000000.0,0.3,10000.0,0.3490658503988659,5,244.38709267490745
1000000.0,0.3,10000.0,0.5235987755982988,0,12.999999999999996
1000000.0,0.3,10000.0,0.5235987755982988,1,36.400000000000006
1000000.0,0.3,10000.0,0.5235987755982988,2,81.51764705882351
1000000.0,0.3,10000.0,0.5235987755982988,3,145.09677419354838
1000000.0,0.3,10000.0,0.5235987755982988,4,226.94285714285715
1000000.0,0.3,10000.0,0.5235987755982988,5,327.01408450704247
1000000.0,0.3,10000.0,0.6981317007977318,0,12.999999999999996
1000000.0,0.3,10000.0,0.6981317007977318,1,43.01642089546948
1000000.0,0.3,10000.0,0.6981317007977318,2,100.81501319005241
1000000.0,0.3,10000.0,0.6981317007977318,3,182.43629704035877
1000000.0,0.3,10000.0,0.6981317007977318,4,287.5874786599668
1000000.0,0.3,10000.0,0.6981317007977318,5,416.19273816595614
1000000.0,0.3,10000.0,0.8726646259971648,0,12.999999999999996
1000000.0,0.3,10000.0,0.8726646259971648,1,50.70775937165132
1000000.0,0.3,10000.0,0.8726646259971648,2,120.30012355539863
1000000.0,0.3,10000.0,0.8726646259971648,3,217.87809737244888
1000000.0,0.3,10000.0,0.8726646259971648,4,343.35237988012386
1000000.0,0.3,10000.0,0.8726646259971648,5,496.71326088175954
5000000.0,0.3,10000.0,0.17453292519943295,0,2.600000000000002
5000000.0,0.3,10000.0,0.17453292519943295,1,5.570279019402537
5000000.0,0.3,10000.0,0.17453292519943295,2,10.830415204896148
5000000.0,0.3,10000.0,0.17453292519943295,3,17.73902035884117
5000000.0,0.3,10000.0,0.17453292519943295,4,26.211842114115388
5000000.0,0.3,10000.0,0.17453292519943295,5,36.21163851373687
5000000.0,0.3,10000.0,0.3490658503988659,0,2.5999999999999996
5000000.0,0.3,10000.0,0.3490658503988659,1,6.284126424822479
5000000.0,0.3,10000.0,0.3490658503988659,2,13.142794088694115
5000000.0,0.3,10000.0,0.3490658503988659,3,22.552808845640055
5000000.0,0.3,10000.0,0.3490658503988659,4,34.46797472098338
5000000.0,0.3,10000.0,0.3490658503988659,5,48.877418534981494
5000000.0,0.3,10000.0,0.5235987755982988,0,2.599999999999999
5000000.0,0.3,10000.0,0.5235987755982988,1,7.280000000000002
5000000.0,0.3,10000.0,0.5235987755982988,2,16.303529411764703
5000000.0,0.3,10000.0,0.5235987755982988,3,29.019354838709674
5000000.0,0.3,10000.0,0.5235987755982988,4,45.38857142857143
5000000.0,0.3,10000.0,0.5235987755982988,5,65.40281690140847
5000000.0,0.3,10000.0,0.6981317007977318,0,2.599999999999999
5000000.0,0.3,10000.0,0.6981317007977318,1,8.603284179093897
5000000.0,0.3,10000.0,0.6981317007977318,2,20.163002638010482
5000000.0,0.3,10000.0,0.6981317007977318,3,36.48725940807176
5000000.0,0.3,10000.0,0.6981317007977318,4,57.51749573199337
5000000.0,0.3,10000.0,0.6981317007977318,5,83.23854763319125
5000000.0,0.3,10000.0,0.8726646259971648,0,2.599999999999999
5000000.0,0.3,10000.0,0.8726646259971648,1,10.141551874330263
5000000.0,0.3,10000.0,0.8726646259971648,2,24.060024711079723
5000000.0,0.3,10000.0,0.8726646259971648,3,43.575619474489784
5000000.0,0.3,10000.0,0.8726646259971648,4,68.67047597602478
5000000.0,0.3,10000.0,0.8726646259971648,5,99.34265217635188
10000000.0,0.3,10000.0,0.17453292519943295,0,1.300000000000001
10000000.0,0.3,10000.0,0.17453292519943295,1,2.7851395097012683
10000000.0,0.3,10000.0,0.17453292519943295,2,5.415207602448074
10000000.0,0.3,10000.0,0.17453292519943295,3,8.869510179420585
10000000.0,0.3,10000.0,0.17453292519943295,4,13.105921057057694
10000000.0,0.3,10000.0,0.17453292519943295,5,18.105819256868436
10000000.0,0.3,10000.0,0.3490658503988659,0,1.2999999999999998
10000000.0,0.3,10000.0,0.3490658503988659,1,3.1420632124112395
10000000.0,0.3,10000.0,0.3490658503988659,2,6.571397044347058
10000000.0,0.3,10000.0,0.3490658503988659,3,11.276404422820027
10000000.0,0.3,10000.0,0.3490658503988659,4,17.23398736049169
10000000.0,0.3,10000.0,0.3490658503988659,5,24.438709267490747
10000000.0,0.3,10000.0,0.5235987755982988,0,1.2999999999999996
10000000.0,0.3,10000.0,0.5235987755982988,1,3.640000000000001
10000000.0,0.3,10000.0,0.5235987755982988,2,8.151764705882352
10000000.0,0.3,10000.0,0.5235987755982988,3,14.509677419354837
10000000.0,0.3,10000.0,0.5235987755982988,4,22.694285714285716
10000000.0,0.3,10000.0,0.5235987755982988,5,32.701408450704236
10000000.0,0.3,10000.0,0.6981317007977318,0,1.2999999999999996
10000000.0,0.3,10000.0,0.6981317007977318,1,4.301642089546949
10000000.0,0.3,10000.0,0.6981317007977318,2,10.081501319005241
10000000.0,0.3,10000.0,0.6981317007977318,3,18.24362970403588
10000000.0,0.3,10000.0,0.6981317007977318,4,28.758747865996686
10000000.0,0.3,10000.0,0.6981317007977318,5,41.61927381659562
10000000.0,0.3,10000.0,0.8726646259971648,0,1.2999999999999996
10000000.0,0.3,10000.0,0.8726646259971648,1,5.0707759371651315
10000000.0,0.3,10000.0,0.8726646259971648,2,12.030012355539862
10000000.0,0.3,10000.0,0.8726646259971648,3,21.787809737244892
10000000.0,0.3,10000.0,0.8726646259971648,4,34.33523798801239
10000000.0,0.3,10000.0,0.8726646259971648,5,49.67132608817594
1000000.0,0.1,20000.0,0.17453292519943295,0,22.000000000000032
1000000.0,0.1,20000.0,0.17453292519943295,1,54.31402449679684
1000000.0,0.1,20000.0,0.17453292519943295,2,111.53968189941962
1000000.0,0.1,20000.0,0.17453292519943295,3,186.69923247530502
1000000.0,0.1,20000.0,0.17453292519943295,4,278.8760845381785
1000000.0,0.1,20000.0,0.17453292519943295,5,387.6650783362582
1000000.0,0.1,20000.0,0.3490658503988659,0,22.00000000000001
1000000.0,0.1,20000.0,0.3490658503988659,1,62.08005670960719
1000000.0,0.1,20000.0,0.3490658503988659,2,136.6963312945843
1000000.0,0.1,20000.0,0.3490658503988659,3,239.06901930971046
1000000.0,0.1,20000.0,0.3490658503988659,4,368.6955491623466
1000000.0,0.1,20000.0,0.3490658503988659,5,525.4576302157327
1000000.0,0.1,20000.0,0.5235987755982988,0,22.000000000000004
1000000.0,0.1,20000.0,0.5235987755982988,1,72.91428571428573
1000000.0,0.1,20000.0,0.5235987755982988,2,171.0823529411764
1000000.0,0.1,20000.0,0.5235987755982988,3,309.41935483870964
1000000.0,0.1,20000.0,0.5235987755982988,4,487.50204081632666
1000000.0,0.1,20000.0,0.5235987755982988,5,705.2394366197187
1000000.0,0.1,20000.0,0.6981317007977318,0,22.000000000000004
1000000.0,0.1,20000.0,0.6981317007977318,1,87.31045425607645
1000000.0,0.1,20000.0,0.6981317007977318,2,213.07002869923494
1000000.0,0.1,20000.0,0.6981317007977318,3,390.66359136253885
1000000.0,0.1,20000.0,0.6981317007977318,4,619.4540744469609
1000000.0,0.1,20000.0,0.6981317007977318,5,899.2765072182342
1000000.0,0.1,20000.0,0.8726646259971648,0,22.0
1000000.0,0.1,20000.0,0.8726646259971648,1,104.0454544569996
1000000.0,0.1,20000.0,0.8726646259971648,2,255.4662029007574
1000000.0,0.1,20000.0,0.8726646259971648,3,467.77871735983376
1000000.0,0.1,20000.0,0.8726646259971648,4,740.7886946842254
1000000.0,0.1,20000.0,0.8726646259971648,5,1074.4750071932788
5000000.0,0.1,20000.0,0.17453292519943295,0,4.400000000000007
5000000.0,0.1,20000.0,0.17453292519943295,1,10.862804899359368
5000000.0,0.1,20000.0,0.17453292519943295,2,22.307936379883927
5000000.0,0.1,20000.0,0.17453292519943295,3,37.33984649506101
5000000.0,0.1,20000.0,0.17453292519943295,4,55.77521690763569
5000000.0,0.1,20000.0,0.17453292519943295,5,77.53301566725165
5000000.0,0.1,20000.0,0.3490658503988659,0,4.400000000000002
5000000.0,0.1,20000.0,0.3490658503988659,1,12.416011341921436
5000000.0,0.1,20000.0,0.3490658503988659,2,27.33926625891686
5000000.0,0.1,20000.0,0.3490658503988659,3,47.81380386194209
5000000.0,0.1,20000.0,0.3490658503988659,4,73.73910983246931
5000000.0,0.1,20000.0,0.3490658503988659,5,105.09152604314654
5000000.0,0.1,20000.0,0.5235987755982988,0,4.4
5000000.0,0.1,20000.0,0.5235987755982988,1,14.582857142857145
5000000.0,0.1,20000.0,0.5235987755982988,2,34.21647058823529
5000000.0,0.1,20000.0,0.5235987755982988,3,61.88387096774193
5000000.0,0.1,20000.0,0.5235987755982988,4,97.50040816326532
5000000.0,0.1,20000.0,0.5235987755982988,5,141.04788732394374
5000000.0,0.1,20000.0,0.6981317007977318,0,4.4
5000000.0,0.1,20000.0,0.6981317007977318,1,17.462090851215294
5000000.0,0.1,20000.0,0.6981317007977318,2,42.61400573984699
5000000.0,0.1,20000.0,0.6981317007977318,3,78.13271827250779
5000000.0,0.1,20000.0,0.6981317007977318,4,123.89081488939219
5000000.0,0.1,20000.0,0.6981317007977318,5,179.85530144364685
5000000.0,0.1,20000.0,0.8726646259971648,0,4.3999999999999995
5000000.0,0.1,20000.0,0.8726646259971648,1,20.809090891399915
5000000.0,0.1,20000.0,0.8726646259971648,2,51.09324058015147
5000000.0,0.1,20000.0,0.8726646259971648,3,93.55574347196675
5000000.0,0.1,20000.0,0.8726646259971648,4,148.15773893684508
5000000.0,0.1,20000.0,0.8726646259971648,5,214.89500143865575
10000000.0,0.1,20000.0,0.17453292519943295,0,2.2000000000000033
10000000.0,0.1,20000.0,0.17453292519943295,1,5.431402449679684
10000000.0,0.1,20000.0,0.17453292519943295,2,11.153968189941963
10000000.0,0.1,20000.0,0.17453292519943295,3,18.669923247530505
10000000.0,0.1,20000.0,0.17453292519943295,4,27.887608453817844
10000000.0,0.1,20000.0,0.17453292519943295,5,38.76650783362582
10000000.0,0.1,20000.0,0.3490658503988659,0,2.200000000000001
10000000.0,0.1,20000.0,0.3490658503988659,1,6.208005670960718
10000000.0,0.1,20000.0,0.3490658503988659,2,13.66963312945843
10000000.0,0.1,20000.0,0.3490658503988659,3,23.906901930971046
10000000.0,0.1,20000.0,0.3490658503988659,4,36.869554916234655
10000000.0,0.1,20000.0,0.3490658503988659,5,52.54576302157327
10000000.0,0.1,20000.0,0.5235987755982988,0,2.2
10000000.0,0.1,20000.0,0.5235987755982988,1,7.291428571428573
10000000.0,0.1,20000.0,0.5235987755982988,2,17.108235294117645
10000000.0,0.1,20000.0,0.5235987755982988,3,30.941935483870964
10000000.0,0.1,20000.0,0.5235987755982988,4,48.75020408163266
10000000.0,0.1,20000.0,0.5235987755982988,5,70.52394366197187
10000000.0,0.1,20000.0,0.6981317007977318,0,2.2
10000000.0,0.1,20000.0,0.6981317007977318,1,8.731045425607647
10000000.0,0.1,20000.0,0.6981317007977318,2,21.307002869923494
10000000.0,0.1,20000.0,0.6981317007977318,3,39.066359136253894
10000000.0,0.1,20000.0,0.6981317007977318,4,61.945407444696095
10000000.0,0.1,20000.0,0.6981317007977318,5,89.92765072182343
10000000.0,0.1,20000.0,0.8726646259971648,0,2.1999999999999997
10000000.0,0.1,20000.0,0.8726646259971648,1,10.404545445699958
10000000.0,0.1,20000.0,0.8726646259971648,2,25.546620290075737
10000000.0,0.1,20000.0,0.8726646259971648,3,46.777871735983375
10000000.0,0.1,20000.0,0.8726646259971648,4,74.07886946842254
10000000.0,0.1,20000.0,0.8726646259971648,5,107.44750071932788
1000000.0,0.2,20000.0,0.17453292519943295,0,24.000000000000053
1000000.0,0.2,20000.0,0.17453292519943295,1,55.33481163325756
1000000.0,0.2,20000.0,0.17453292519943295,2,110.82635820549783
1000000.0,0.2,20000.0,0.17453292519943295,3,183.70834664272004
1000000.0,0.2,20000.0,0.17453292519943295,4,273.0919607642942
1000000.0,0.2,20000.0,0.17453292519943295,5,378.5843183866746
1000000.0,0.2,20000.0,0.3490658503988659,0,24.000000000000018
1000000.0,0.2,20000.0,0.3490658503988659,1,62.86550953658879
1000000.0,0.2,20000.0,0.3490658503988659,2,135.22068489171815
1000000.0,0.2,20000.0,0.3490658503988659,3,234.49117023971922
1000000.0,0.2,20000.0,0.3490658503988659,4,360.18962343015426
1000000.0,0.2,20000.0,0.3490658503988659,5,512.2013383910135
1000000.0,0.2,20000.0,0.5235987755982988,0,24.0
1000000.0,0.2,20000.0,0.5235987755982988,1,73.37142857142858
1000000.0,0.2,20000.0,0.5235987755982988,2,168.56470588235288
1000000.0,0.2,20000.0,0.5235987755982988,3,302.7096774193548
1000000.0,0.2,20000.0,0.5235987755982988,4,475.3959183673469
1000000.0,0.2,20000.0,0.5235987755982988,5,686.535211267606
1000000.0,0.2,20000.0,0.6981317007977318,0,23.99999999999999
1000000.0,0.2,20000.0,0.6981317007977318,1,87.3313495816499
1000000.0,0.2,20000.0,0.6981317007977318,2,209.28002782956116
1000000.0,0.2,20000.0,0.6981317007977318,3,381.49196738185594
1000000.0,0.2,20000.0,0.6981317007977318,4,603.3494055243257
1000000.0,0.2,20000.0,0.6981317007977318,5,874.6923706358634
1000000.0,0.2,20000.0,0.8726646259971648,0,24.0
1000000.0,0.2,20000.0,0.8726646259971648,1,103.55922856436321
1000000.0,0.2,20000.0,0.8726646259971648,2,250.39146947952236
1000000.0,0.2,20000.0,0.8726646259971648,3,456.2702713792328
1000000.0,0.2,20000.0,0.8726646259971648,4,721.0072190877338
1000000.0,0.2,20000.0,0.8726646259971648,5,1044.5818251571188
5000000.0,0.2,20000.0,0.17453292519943295,0,4.80000000000001
5000000.0,0.2,20000.0,0.17453292519943295,1,11.066962326651511
5000000.0,0.2,20000.0,0.17453292519943295,2,22.165271641099565
5000000.0,0.2,20000.0,0.17453292519943295,3,36.741669328544
5000000.0,0.2,20000.0,0.17453292519943295,4,54.61839215285885
5000000.0,0.2,20000.0,0.17453292519943295,5,75.71686367733493
5000000.0,0.2,20000.0,0.3490658503988659,0,4.800000000000003
5000000.0,0.2,20000.0,0.3490658503988659,1,12.573101907317756
5000000.0,0.2,20000.0,0.3490658503988659,2,27.044136978343623
5000000.0,0.2,20000.0,0.3490658503988659,3,46.898234047943845
5000000.0,0.2,20000.0,0.3490658503988659,4,72.03792468603086
5000000.0,0.2,20000.0,0.3490658503988659,5,102.44026767820269
5000000.0,0.2,20000.0,0.5235987755982988,0,4.8
5000000.0,0.2,20000.0,0.5235987755982988,1,14.674285714285714
5000000.0,0.2,20000.0,0.5235987755982988,2,33.71294117647058
5000000.0,0.2,20000.0,0.5235987755982988,3,60.541935483870965
5000000.0,0.2,20000.0,0.5235987755982988,4,95.07918367346939
5000000.0,0.2,20000.0,0.5235987755982988,5,137.3070422535212
5000000.0,0.2,20000.0,0.6981317007977318,0,4.799999999999998
5000000.0,0.2,20000.0,0.6981317007977318,1,17.46626991632998
5000000.0,0.2,20000.0,0.6981317007977318,2,41.856005565912234
5000000.0,0.2,20000.0,0.6981317007977318,3,76.29839347637119
5000000.0,0.2,20000.0,0.6981317007977318,4,120.66988110486514
5000000.0,0.2,20000.0,0.6981317007977318,5,174.93847412717273
5000000.0,0.2,20000.0,0.8726646259971648,0,4.8
5000000.0,0.2,20000.0,0.8726646259971648,1,20.71184571287264
5000000.0,0.2,20000.0,0.8726646259971648,2,50.078293895904466
5000000.0,0.2,20000.0,0.8726646259971648,3,91.25405427584656
5000000.0,0.2,20000.0,0.8726646259971648,4,144.20144381754676
5000000.0,0.2,20000.0,0.8726646259971648,5,208.9163650314237
10000000.0,0.2,20000.0,0.17453292519943295,0,2.400000000000005
10000000.0,0.2,20000.0,0.17453292519943295,1,5.533481163325756
10000000.0,0.2,20000.0,0.17453292519943295,2,11.082635820549783
10000000.0,0.2,20000.0,0.17453292519943295,3,18.370834664272
10000000.0,0.2,20000.0,0.17453292519943295,4,27.309196076429426
10000000.0,0.2,20000.0,0.17453292519943295,5,37.858431838667464
10000000.0,0.2,20000.0,0.3490658503988659,0,2.4000000000000017
10000000.0,0.2,20000.0,0.3490658503988659,1,6.286550953658878
10000000.0,0.2,20000.0,0.3490658503988659,2,13.522068489171811
10000000.0,0.2,20000.0,0.3490658503988659,3,23.449117023971922
10000000.0,0.2,20000.0,0.3490658503988659,4,36.01896234301543
10000000.0,0.2,20000.0,0.3490658503988659,5,51.220133839101344
10000000.0,0.2,20000.0,0.5235987755982988,0,2.4
10000000.0,0.2,20000.0,0.5235987755982988,1,7.337142857142857
10000000.0,0.2,20000.0,0.5235987755982988,2,16.85647058823529
10000000.0,0.2,20000.0,0.5235987755982988,3,30.270967741935483
10000000.0,0.2,20000.0,0.5235987755982988,4,47.539591836734694
10000000.0,0.2,20000.0,0.5235987755982988,5,68.6535211267606
10000000.0,0.2,20000.0,0.6981317007977318,0,2.399999999999999
10000000.0,0.2,20000.0,0.6981317007977318,1,8.73313495816499
10000000.0,0.2,20000.0,0.6981317007977318,2,20.928002782956117
10000000.0,0.2,20000.0,0.6981317007977318,3,38.149196738185594
10000000.0,0.2,20000.0,0.6981317007977318,4,60.33494055243257
10000000.0,0.2,20000.0,0.6981317007977318,5,87.46923706358636
10000000.0,0.2,20000.0,0.8726646259971648,0,2.4
10000000.0,0.2,20000.0,0.8726646259971648,1,10.35592285643632
10000000.0,0.2,20000.0,0.8726646259971648,2,25.039146947952233
10000000.0,0.2,20000.0,0.8726646259971648,3,45.62702713792328
10000000.0,0.2,20000.0,0.8726646259971648,4,72.10072190877338
10000000.0,0.2,20000.0,0.8726646259971648,5,104.45818251571185
1000000.0,0.3,20000.0,0.17453292519943295,0,26.00000000000002
1000000.0,0.3,20000.0,0.17453292519943295,1,55.70279019402538
1000000.0,0.3,20000.0,0.17453292519943295,2,108.30415204896148
1000000.0,0.3,20000.0,0.17453292519943295,3,177.39020358841168
1000000.0,0.3,20000.0,0.17453292519943295,4,262.11842114115393
1000000.0,0.3,20000.0,0.17453292519943295,5,362.1163851373687
1000000.0,0.3,20000.0,0.3490658503988659,0,25.999999999999996
1000000.0,0.3,20000.0,0.3490658503988659,1,62.84126424822478
1000000.0,0.3,20000.0,0.3490658503988659,2,131.42794088694114
1000000.0,0.3,20000.0,0.3490658503988659,3,225.52808845640055
1000000.0,0.3,20000.0,0.3490658503988659,4,344.67974720983375
1000000.0,0.3,20000.0,0.3490658503988659,5,488.7741853498149
1000000.0,0.3,20000.0,0.5235987755982988,0,25.999999999999993
1000000.0,0.3,20000.0,0.5235987755982988,1,72.80000000000001
1000000.0,0.3,20000.0,0.5235987755982988,2,163.03529411764703
1000000.0,0.3,20000.0,0.5235987755982988,3,290.19354838709677
1000000.0,0.3,20000.0,0.5235987755982988,4,453.8857142857143
1000000.0,0.3,20000.0,0.5235987755982988,5,654.0281690140849
1000000.0,0.3,20000.0,0.6981317007977318,0,25.999999999999993
1000000.0,0.3,20000.0,0.6981317007977318,1,86.03284179093896
1000000.0,0.3,20000.0,0.6981317007977318,2,201.63002638010482
1000000.0,0.3,20000.0,0.6981317007977318,3,364.87259408071753
1000000.0,0.3,20000.0,0.6981317007977318,4,575.1749573199336
1000000.0,0.3,20000.0,0.6981317007977318,5,832.3854763319123
1000000.0,0.3,20000.0,0.8726646259971648,0,25.999999999999993
1000000.0,0.3,20000.0,0.8726646259971648,1,101.41551874330264
1000000.0,0.3,20000.0,0.8726646259971648,2,240.60024711079726
1000000.0,0.3,20000.0,0.8726646259971648,3,435.75619474489775
1000000.0,0.3,20000.0,0.8726646259971648,4,686.7047597602477
1000000.0,0.3,20000.0,0.8726646259971648,5,993.4265217635191
5000000.0,0.3,20000.0,0.17453292519943295,0,5.200000000000004
5000000.0,0.3,20000.0,0.17453292519943295,1,11.140558038805073
5000000.0,0.3,20000.0,0.17453292519943295,2,21.660830409792297
5000000.0,0.3,20000.0,0.17453292519943295,3,35.47804071768234
5000000.0,0.3,20000.0,0.17453292519943295,4,52.423684228230776
5000000.0,0.3,20000.0,0.17453292519943295,5,72.42327702747374
5000000.0,0.3,20000.0,0.3490658503988659,0,5.199999999999999
5000000.0,0.3,20000.0,0.3490658503988659,1,12.568252849644958
5000000.0,0.3,20000.0,0.3490658503988659,2,26.28558817738823
5000000.0,0.3,20000.0,0.3490658503988659,3,45.10561769128011
5000000.0,0.3,20000.0,0.3490658503988659,4,68.93594944196676
5000000.0,0.3,20000.0,0.3490658503988659,5,97.75483706996299
5000000.0,0.3,20000.0,0.5235987755982988,0,5.199999999999998
5000000.0,0.3,20000.0,0.5235987755982988,1,14.560000000000004
5000000.0,0.3,20000.0,0.5235987755982988,2,32.60705882352941
5000000.0,0.3,20000.0,0.5235987755982988,3,58.03870967741935
5000000.0,0.3,20000.0,0.5235987755982988,4,90.77714285714286
5000000.0,0.3,20000.0,0.5235987755982988,5,130.80563380281694
5000000.0,0.3,20000.0,0.6981317007977318,0,5.199999999999998
5000000.0,0.3,20000.0,0.6981317007977318,1,17.206568358187795
5000000.0,0.3,20000.0,0.6981317007977318,2,40.326005276020965
5000000.0,0.3,20000.0,0.6981317007977318,3,72.97451881614352
5000000.0,0.3,20000.0,0.6981317007977318,4,115.03499146398674
5000000.0,0.3,20000.0,0.6981317007977318,5,166.4770952663825
5000000.0,0.3,20000.0,0.8726646259971648,0,5.199999999999998
5000000.0,0.3,20000.0,0.8726646259971648,1,20.283103748660526
5000000.0,0.3,20000.0,0.8726646259971648,2,48.12004942215945
5000000.0,0.3,20000.0,0.8726646259971648,3,87.15123894897957
5000000.0,0.3,20000.0,0.8726646259971648,4,137.34095195204955
5000000.0,0.3,20000.0,0.8726646259971648,5,198.68530435270375
10000000.0,0.3,20000.0,0.17453292519943295,0,2.600000000000002
10000000.0,0.3,20000.0,0.17453292519943295,1,5.570279019402537
10000000.0,0.3,20000.0,0.17453292519943295,2,10.830415204896148
10000000.0,0.3,20000.0,0.17453292519943295,3,17.73902035884117
10000000.0,0.3,20000.0,0.17453292519943295,4,26.211842114115388
10000000.0,0.3,20000.0,0.17453292519943295,5,36.21163851373687
10000000.0,0.3,20000.0,0.3490658503988659,0,2.5999999999999996
10000000.0,0.3,20000.0,0.3490658503988659,1,6.284126424822479
10000000.0,0.3,20000.0,0.3490658503988659,2,13.142794088694115
10000000.0,0.3,20000.0,0.3490658503988659,3,22.552808845640055
10000000.0,0.3,20000.0,0.3490658503988659,4,34.46797472098338
10000000.0,0.3,20000.0,0.3490658503988659,5,48.877418534981494
10000000.0,0.3,20000.0,0.5235987755982988,0,2.599999999999999
10000000.0,0.3,20000.0,0.5235987755982988,1,7.280000000000002
10000000.0,0.3,20000.0,0.5235987755982988,2,16.303529411764703
10000000.0,0.3,20000.0,0.5235987755982988,3,29.019354838709674
10000000.0,0.3,20000.0,0.5235987755982988,4,45.38857142857143
10000000.0,0.3,20000.0,0.5235987755982988,5,65.40281690140847
10000000.0,0.3,20000.0,0.6981317007977318,0,2.599999999999999
10000000.0,0.3,20000.0,0.6981317007977318,1,8.603284179093897
10000000.0,0.3,20000.0,0.6981317007977318,2,20.163002638010482
10000000.0,0.3,20000.0,0.6981317007977318,3,36.48725940807176
10000000.0,0.3,20000.0,0.6981317007977318,4,57.51749573199337
10000000.0,0.3,20000.0,0.6981317007977318,5,83.23854763319125
10000000.0,0.3,20000.0,0.8726646259971648,0,2.599999999999999
10000000.0,0.3,20000.0,0.8726646259971648,1,10.141551874330263
10000000.0,0.3,20000.0,0.8726646259971648,2,24.060024711079723
10000000.0,0.3,20000.0,0.8726646259971648,3,43.575619474489784
10000000.0,0.3,20000.0,0.8726646259971648,4,68.67047597602478
10000000.0,0.3,20000.0,0.8726646259971648,5,99.34265217635188
